market,currency,forecast_step,forecast_date,forecast_price,lower_95,upper_95
California,USD,1,2026-05-01,31.781278755294935,30.20179235990796,33.443368767165424
California,USD,2,2026-05-04,31.801329378746992,30.215520807549165,33.47036632917752
California,USD,3,2026-05-05,31.800562703445294,30.204095962436057,33.48141224003028
California,USD,4,2026-05-06,31.800592009564923,30.193742534862064,33.49295474024695
California,USD,5,2026-05-07,31.80059088932669,30.183423116941324,33.504403294228034
California,USD,6,2026-05-08,31.800590932148225,30.1731757718222,33.51578207350082
California,USD,7,2026-05-11,31.80059093051135,30.162997631650878,33.52709156693892
California,USD,8,2026-05-12,31.80059093057393,30.15288743514405,33.53833312676477
California,USD,9,2026-05-13,31.80059093057154,30.142843902668282,33.549508029135545
California,USD,10,2026-05-14,31.800590930571627,30.132865796374876,33.56061751203285
California,USD,11,2026-05-15,31.800590930571627,30.122951916147713,33.57166277556778
California,USD,12,2026-05-18,31.800590930571627,30.113101098095356,33.582644983631965
California,USD,13,2026-05-19,31.800590930571627,30.103312213035586,33.593565265407655
California,USD,14,2026-05-20,31.800590930571627,30.093584165063593,33.60442471679968
California,USD,15,2026-05-21,31.800590930571627,30.0839158901951,33.615224401792325
California,USD,16,2026-05-22,31.800590930571627,30.074306355079838,33.625965353735914
California,USD,17,2026-05-25,31.800590930571627,30.0647545557809,33.636648576567346
California,USD,18,2026-05-26,31.800590930571627,30.05525951661596,33.647275045968996
California,USD,19,2026-05-27,31.800590930571627,30.04582028905647,33.65784571046942
California,USD,20,2026-05-28,31.800590930571627,30.03643595068144,33.66836149248964
California,USD,21,2026-05-29,31.800590930571627,30.027105604182488,33.678823289338055
California,USD,22,2026-06-01,31.800590930571627,30.017828376417057,33.689231974157245
California,USD,23,2026-06-02,31.800590930571627,30.00860341750713,33.69958839682527
California,USD,24,2026-06-03,31.800590930571627,29.99942989998058,33.70989338481426
California,USD,25,2026-06-04,31.800590930571627,29.990307017952954,33.72014774400869
California,USD,26,2026-06-05,31.800590930571627,29.98123398634721,33.73035225948564
California,USD,27,2026-06-08,31.800590930571627,29.97221004014936,33.74050769625912
California,USD,28,2026-06-09,31.800590930571627,29.96323443369804,33.75061479999051
California,USD,29,2026-06-10,31.800590930571627,29.954306440006018,33.760674297667066
California,USD,30,2026-06-11,31.800590930571627,29.945425350112032,33.770686898250084
China_ETS,CNY,1,2026-05-01,114.81310914897841,108.77294882066774,121.1886794959312
China_ETS,CNY,2,2026-05-04,114.89490854216757,108.7980942002131,121.3333754231073
China_ETS,CNY,3,2026-05-05,114.89015715006309,108.69576840037497,121.43755368052264
China_ETS,CNY,4,2026-05-06,114.89043304106664,108.60285569790366,121.5420305436647
China_ETS,CNY,5,2026-05-07,114.89041702104282,108.51097299291409,121.64491349765235
China_ETS,CNY,6,2026-05-08,114.89041795126833,108.4205332440595,121.74638642759447
China_ETS,CNY,7,2026-05-11,114.8904178972535,108.33144852660182,121.84650260043564
China_ETS,CNY,8,2026-05-12,114.89041790039,108.24366423849436,121.94531863077903
China_ETS,CNY,9,2026-05-13,114.89041790020785,108.15712786811412,122.04288691338158
China_ETS,CNY,10,2026-05-14,114.89041790021847,108.07179042814315,122.13925644234962
China_ETS,CNY,11,2026-05-15,114.89041790021786,107.98760604720819,122.23447308866382
China_ETS,CNY,12,2026-05-18,114.89041790021786,107.90453170429629,122.32857987336172
China_ETS,CNY,13,2026-05-19,114.89041790021786,107.82252698653093,122.42161720932032
China_ETS,CNY,14,2026-05-20,114.89041790021786,107.74155387307916,122.51362311737431
China_ETS,CNY,15,2026-05-21,114.89041790021786,107.66157654152994,122.60463341993638
China_ETS,CNY,16,2026-05-22,114.89041790021786,107.58256119396819,122.69468191492332
China_ETS,CNY,17,2026-05-25,114.89041790021786,107.50447590034968,122.78380053238105
China_ETS,CNY,18,2026-05-26,114.89041790021786,107.42729045711818,122.8720194758675
China_ETS,CNY,19,2026-05-27,114.89041790021786,107.35097625929146,122.95936735036659
China_ETS,CNY,20,2026-05-28,114.89041790021786,107.27550618447808,123.04587127827142
China_ETS,CNY,21,2026-05-29,114.89041790021786,107.20085448749508,123.1315570047667
China_ETS,CNY,22,2026-06-01,114.89041790021786,107.12699670442406,123.21644899377247
China_ETS,CNY,23,2026-06-02,114.89041790021786,107.05390956509325,123.30057051546225
China_ETS,CNY,24,2026-06-03,114.89041790021786,106.98157091309879,123.38394372624153
China_ETS,CNY,25,2026-06-04,114.89041790021786,106.9099596325847,123.46658974196804
China_ETS,CNY,26,2026-06-05,114.89041790021786,106.83905558109934,123.54852870509507
China_ETS,CNY,27,2026-06-08,114.89041790021786,106.76883952791965,123.62977984634739
China_ETS,CNY,28,2026-06-09,114.89041790021786,106.69929309731134,123.71036154146098
China_ETS,CNY,29,2026-06-10,114.89041790021786,106.63039871624954,123.79029136346242
China_ETS,CNY,30,2026-06-11,114.89041790021786,106.56213956617806,123.86958613090957
EU_ETS,EUR,1,2026-05-01,85.32523812232272,78.15167197704716,93.15726812305817
EU_ETS,EUR,2,2026-05-04,85.30604179892433,76.4684289608667,95.1650356400541
EU_ETS,EUR,3,2026-05-05,85.30826977577333,75.00741347416125,97.02375478715973
EU_ETS,EUR,4,2026-05-06,85.30801116209517,73.76997686293062,98.65065813907111
EU_ETS,EUR,5,2026-05-07,85.30804118043804,72.67681289395604,100.13457663122871
EU_ETS,EUR,6,2026-05-08,85.30803769608153,71.69143151775108,101.51089386120208
EU_ETS,EUR,7,2026-05-11,85.30803810052554,70.78989215562461,102.80367921117798
EU_ETS,EUR,8,2026-05-12,85.30803805358005,69.95602204063506,104.02909062387559
EU_ETS,EUR,9,2026-05-13,85.30803805902919,69.17823084097377,105.19872030567144
EU_ETS,EUR,10,2026-05-14,85.30803805839668,68.44788413336424,106.32120261297497
EU_ETS,EUR,11,2026-05-15,85.30803805847009,67.75834492985534,107.40317469263957
EU_ETS,EUR,12,2026-05-18,85.3080380584616,67.10438184153986,108.44986806627495
EU_ETS,EUR,13,2026-05-19,85.30803805846259,66.48178509889566,109.46549263920095
EU_ETS,EUR,14,2026-05-20,85.30803805846244,65.88710770711323,110.45349554171423
EU_ETS,EUR,15,2026-05-21,85.30803805846244,65.3174852336751,111.41674134190497
EU_ETS,EUR,16,2026-05-22,85.30803805846244,64.77050687283884,112.35764098112749
EU_ETS,EUR,17,2026-05-25,85.30803805846244,64.24412101186036,113.27824620778229
EU_ETS,EUR,18,2026-05-26,85.30803805846244,63.73656464715054,114.1803201611593
EU_ETS,EUR,19,2026-05-27,85.30803805846244,63.24630967921355,115.06539107649907
EU_ETS,EUR,20,2026-05-28,85.30803805846244,62.77202140214477,115.93479379549537
EU_ETS,EUR,21,2026-05-29,85.30803805846244,62.312525966170874,116.78970230375462
EU_ETS,EUR,22,2026-06-01,85.30803805846244,61.866784551473216,117.63115555697293
EU_ETS,EUR,23,2026-06-02,85.30803805846244,61.433872635797215,118.4600782133265
EU_ETS,EUR,24,2026-06-03,85.30803805846244,61.01296317972512,119.27729744819884
EU_ETS,EUR,25,2026-06-04,85.30803805846244,60.603312861486636,120.08355671937034
EU_ETS,EUR,26,2026-06-05,85.30803805846244,60.20425071171193,120.87952713226515
EU_ETS,EUR,27,2026-06-08,85.30803805846244,59.815168655953215,121.66581689742964
EU_ETS,EUR,28,2026-06-09,85.30803805846244,59.43551358778645,122.4429792574307
EU_ETS,EUR,29,2026-06-10,85.30803805846244,59.06478068036934,123.21151917529764
EU_ETS,EUR,30,2026-06-11,85.30803805846244,58.70250770800261,123.97189901296122
RGGI,USD,1,2026-05-01,19.91799546258661,18.892922790181473,20.998685468285352
RGGI,USD,2,2026-05-04,19.920491333282257,18.8886388383009,21.008712081186125
RGGI,USD,3,2026-05-05,19.920371392201115,18.876209488229566,21.02229246028797
RGGI,USD,4,2026-05-06,19.920377155706344,18.86436477757557,21.03550428039307
RGGI,USD,5,2026-05-07,19.920376878752926,18.85264209347662,21.048583695802613
RGGI,USD,6,2026-05-08,19.920376892061352,18.841058342663928,21.06152469276126
RGGI,USD,7,2026-05-11,19.920376891421846,18.829607970814706,21.07433230215701
RGGI,USD,8,2026-05-12,19.920376891452577,18.818286747455424,21.087010779617085
RGGI,USD,9,2026-05-13,19.9203768914511,18.807090614399936,21.099564182118986
RGGI,USD,10,2026-05-14,19.92037689145117,18.796015723706667,21.111996357662477
RGGI,USD,11,2026-05-15,19.92037689145117,18.785058420501972,21.124310961118532
RGGI,USD,12,2026-05-18,19.92037689145117,18.774215229793068,21.136511467480158
RGGI,USD,13,2026-05-19,19.92037689145117,18.763482844308722,21.14860118401869
RGGI,USD,14,2026-05-20,19.92037689145117,18.752858113381826,21.16058326140134
RGGI,USD,15,2026-05-21,19.92037689145117,18.74233803276161,21.17246070387899
RGGI,USD,16,2026-05-22,19.92037689145117,18.731919735262416,21.184236378637394
RGGI,USD,17,2026-05-25,19.92037689145117,18.72160048216662,21.195913024394283
RGGI,USD,18,2026-05-26,19.92037689145117,18.711377655308617,21.207493259315374
RGGI,USD,19,2026-05-27,19.92037689145117,18.70124874977506,21.21897958831411
RGGI,USD,20,2026-05-28,19.92037689145117,18.691211367163834,21.230374409792717
RGGI,USD,21,2026-05-29,19.92037689145117,18.681263209350153,21.241680021876082
RGGI,USD,22,2026-06-01,19.92037689145117,18.67140207271416,21.252898628184166
RGGI,USD,23,2026-06-02,19.92037689145117,18.661625842788744,21.26403234318419
RGGI,USD,24,2026-06-03,19.92037689145117,18.65193248929092,21.27508319715924
RGGI,USD,25,2026-06-04,19.92037689145117,18.642320061503604,21.286053140826507
RGGI,USD,26,2026-06-05,19.92037689145117,18.632786683978118,21.296944049634774
RGGI,USD,27,2026-06-08,19.92037689145117,18.623330552530582,21.30775772776802
RGGI,USD,28,2026-06-09,19.92037689145117,18.613949930508003,21.31849591187935
RGGI,USD,29,2026-06-10,19.92037689145117,18.604643145302173,21.329160274577077
RGGI,USD,30,2026-06-11,19.92037689145117,18.59540858509157,21.33975242768282
UK_ETS,GBP,1,2026-05-01,49.19797937430238,46.58877694738684,51.953310069669996
UK_ETS,GBP,2,2026-05-04,49.18882797847637,46.50579952711927,52.026646622540376
UK_ETS,GBP,3,2026-05-05,49.18899530191587,46.42553723596621,52.116946897438424
UK_ETS,GBP,4,2026-05-06,49.18899224230207,46.34773581818678,52.20442628103147
UK_ETS,GBP,5,2026-05-07,49.188992298248934,46.27219346906313,52.28965350291576
UK_ETS,GBP,6,2026-05-08,49.188992297225916,46.19873361920554,52.37279842256765
UK_ETS,GBP,7,2026-05-11,49.18899229724462,46.12720163758333,52.45401579373056
UK_ETS,GBP,8,2026-05-12,49.18899229724427,46.0574611134856,52.53344202487772
UK_ETS,GBP,9,2026-05-13,49.18899229724427,45.989390988387456,52.6111981745813
UK_ETS,GBP,10,2026-05-14,49.18899229724427,45.92288324095348,52.68739226418222
UK_ETS,GBP,11,2026-05-15,49.18899229724427,45.85784100246131,52.7621211624091
UK_ETS,GBP,12,2026-05-18,49.18899229724427,45.79417700863979,52.83547213353935
UK_ETS,GBP,13,2026-05-19,49.18899229724427,45.73181231731358,52.90752411975454
UK_ETS,GBP,14,2026-05-20,49.18899229724427,45.67067523811834,52.97834881142526
UK_ETS,GBP,15,2026-05-21,49.18899229724427,45.6107004329352,53.04801154667665
UK_ETS,GBP,16,2026-05-22,49.18899229724427,45.55182815489776,53.116572072381324
UK_ETS,GBP,17,2026-05-25,49.18899229724427,45.494003600742204,53.18408519180938
UK_ETS,GBP,18,2026-05-26,49.18899229724427,45.43717635652669,53.250601318908885
UK_ETS,GBP,19,2026-05-27,49.18899229724427,45.38129992077771,53.316166955159616
UK_ETS,GBP,20,2026-05-28,49.18899229724427,45.326331292240354,53.38082510182271
UK_ETS,GBP,21,2026-05-29,49.18899229724427,45.272230611847675,53.44461561797137
UK_ETS,GBP,22,2026-06-01,49.18899229724427,45.21896085043987,53.50757553277166
UK_ETS,GBP,23,2026-06-02,49.18899229724427,45.16648753528536,53.56973931896139
UK_ETS,GBP,24,2026-06-03,49.18899229724427,45.114778509669065,53.631139133261904
UK_ETS,GBP,25,2026-06-04,49.18899229724427,45.06380372078864,53.69180502848179
UK_ETS,GBP,26,2026-06-05,49.18899229724427,45.01353503198858,53.7517651412828
UK_ETS,GBP,27,2026-06-08,49.18899229724427,44.963946056003664,53.81104585893641
UK_ETS,GBP,28,2026-06-09,49.18899229724427,44.915012006408126,53.86967196787462
UK_ETS,GBP,29,2026-06-10,49.18899229724427,44.86670956489874,53.92766678640693
UK_ETS,GBP,30,2026-06-11,49.18899229724427,44.81901676239688,53.9850522836182
